{
    "train_mse": 0.0007815305725671351,
    "train_mae": 0.023921499028801918,
    "train_mape": 0.2150571197271347,
    "train_r2": 0.9918806552886963,
    "val_mse": 0.0027557541616261005,
    "val_mae": 0.04919450730085373,
    "val_mape": 0.2146098017692566,
    "val_r2": -3.018134117126465,
    "test_mse": 0.006538187153637409,
    "test_mae": 0.05906011909246445,
    "test_mape": 0.3140736222267151,
    "test_r2": -0.9855130910873413
}