{
    "train_mse": 0.00466954754665494,
    "train_mae": 0.05277258902788162,
    "train_mape": 0.6403636932373047,
    "train_r2": 0.9477906823158264,
    "val_mse": 0.002254946157336235,
    "val_mae": 0.040101710706949234,
    "val_mape": 0.1775098592042923,
    "val_r2": 0.3976535201072693,
    "test_mse": 0.003235309151932597,
    "test_mae": 0.04077490419149399,
    "test_mape": 0.2718815207481384,
    "test_r2": 0.6311880946159363
}