{
    "train_mse": 0.0017366487300023437,
    "train_mae": 0.032832931727170944,
    "train_mape": 0.5003240704536438,
    "train_r2": 0.9805828332901001,
    "val_mse": 0.0005779671482741833,
    "val_mae": 0.01836438849568367,
    "val_mape": 0.08338646590709686,
    "val_r2": 0.8456120491027832,
    "test_mse": 0.0007442939095199108,
    "test_mae": 0.020984835922718048,
    "test_mape": 0.15683013200759888,
    "test_r2": 0.9151535630226135
}