{
    "train_mse": 0.0013223871355876327,
    "train_mae": 0.028175750747323036,
    "train_mape": 0.43086645007133484,
    "train_r2": 0.9852146506309509,
    "val_mse": 0.0006135199801065028,
    "val_mae": 0.018542908132076263,
    "val_mape": 0.0818362832069397,
    "val_r2": 0.8361151218414307,
    "test_mse": 0.0007348519284278154,
    "test_mae": 0.020190300419926643,
    "test_mape": 0.1348126083612442,
    "test_r2": 0.9162299036979675
}