{
    "train_mse": 0.0034223438706249,
    "train_mae": 0.04622625187039375,
    "train_mape": 0.6395691633224487,
    "train_r2": 0.9631702303886414,
    "val_mse": 0.004594957921653986,
    "val_mae": 0.05754004418849945,
    "val_mape": 0.2761012613773346,
    "val_r2": 0.04721987247467041,
    "test_mse": 0.005343060940504074,
    "test_mae": 0.054751042276620865,
    "test_mape": 0.3231841027736664,
    "test_r2": 0.3737884759902954
}